transactionId;visitorId;date;revenue;group;Столбец12
3667963787;3312258926;13.12.2024;1652;B;45599
2804400009;3642806036;09.11.2024;1387;B;45620
2961555356;4069496402;03.12.2024;874;A;45646
3797467345;1196621759;22.11.2024;10711;B;45638
2282983706;2322279887;08.11.2024;3193;B;45632
182168103;935554773;17.12.2024;2805;B;45626
398296753;2900797465;15.11.2024;2458;B;45623
2626614568;78758296;11.11.2024;1821;A;45627
1576988021;295230930;27.11.2024;13911;A;45630
1506739906;1882260405;06.11.2024;1905;B;45632
3649131742;879864040;29.12.2024;4123;A;45652
1919444843;927791387;09.12.2024;5495;B;45598
2809384911;3213223594;10.12.2024;8117;A;45645
3044797713;728063420;16.12.2024;12642;B;45618
3859315276;1565034404;01.12.2024;11106;A;45623
2550768810;2742574263;30.11.2024;15661;B;45603
1820531107;2973109265;16.11.2024;1519;B;45602
1108180333;222718357;10.11.2024;1810;B;45654
1822256754;4227830084;11.11.2024;17330;A;45608
674584210;3207734412;04.11.2024;1657;A;45649
2904772834;963407295;02.12.2024;814;B;45611
1240630928;1379151787;21.12.2024;1649;B;45656
235474681;1638583360;30.12.2024;1173;B;45635
4252514150;351125977;05.12.2024;15730;B;45598
1162046357;3234906277;13.11.2024;7643;B;45601
324018163;87885904;14.12.2024;1107;A;45607
2223239646;199603092;28.11.2024;4424;A;45603
1630050528;237748145;28.11.2024;8016;B;45633
2632372083;3591136796;01.11.2024;5369;B;45624
2220299125;3803269165;23.12.2024;1297;A;45651
1678838030;4027395615;23.11.2024;257;B;45639
2552245563;3024988998;12.11.2024;383;B;45628
3666913472;2038680547;01.12.2024;1839;B;45625
486237576;2378935119;11.11.2024;1730;A;45627
2153010762;834683205;16.11.2024;23406;A;45631
2258664213;258610743;11.12.2024;2426;B;45653
2165344951;2805132315;27.11.2024;3235;B;45608
3601774485;2231389472;04.11.2024;6578;B;45652
3276214732;1110007955;27.12.2024;19991;B;45655
1950404403;114507418;01.11.2024;1418;B;45643
733587530;2552584164;16.11.2024;3968;B;45617
2594268419;237748145;16.12.2024;1974;A;45640
459882198;1494664757;14.12.2024;10254;B;45606
2960804513;544632063;02.11.2024;3429;B;45609
376170286;1294108251;24.11.2024;3103;A;45638
837819976;1471496742;08.11.2024;2148;A;45635
3298573369;2735494018;17.12.2024;3682;A;45645
352861950;930356060;27.12.2024;7899;B;45651
133616433;1215602524;04.11.2024;2067;B;45618
937773181;3251102545;06.11.2024;4346;A;45624
2236784294;1690383497;16.11.2024;3293;B;45651
794298435;2914239125;12.11.2024;18129;B;45628
854249928;2570444314;15.12.2024;813;B;45647
1545571412;2978730290;30.11.2024;878;A;45613
4159234359;3660046170;28.11.2024;757;A;45622
1144701458;1143609305;21.11.2024;2930;A;45615
900025958;5114589;12.11.2024;747;B;45606
1218444584;2951649436;13.12.2024;3874;A;45600
2145193898;1221478247;17.11.2024;1489;B;45634
2787983461;2115666868;06.12.2024;8732;B;45598
1421016313;4256040402;21.11.2024;57581;B;45625
1251767592;2712142231;14.11.2024;1744;B;45603
1286673508;567175747;04.11.2024;1097;B;45644
4049927765;343208965;01.11.2024;1879;A;45627
231209528;2517115269;09.11.2024;2902;B;45621
2321477056;2868887864;23.12.2024;2541;B;45603
4919758;1217561296;16.12.2024;3331;B;45620
459227648;2578486380;25.12.2024;3433;B;45610
1211699332;3427397479;22.11.2024;15097;B;45605
890243194;3055165772;22.12.2024;19567;A;45612
3574407166;2328378067;26.11.2024;9551;B;45598
3679129301;8300375;27.12.2024;11246;B;45641
477940151;1422773200;11.11.2024;1517;A;45611
1295850747;2947100995;23.11.2024;29530;A;45613
3721196264;249864742;15.12.2024;1550;B;45607
3710046263;3290315626;28.11.2024;951;A;45615
1110904493;2587526707;19.12.2024;4798;A;45650
2619374735;787824685;26.11.2024;33020;A;45655
773663763;3288820196;05.11.2024;41488;B;45616
3020845020;4099262874;15.12.2024;2582;A;45611
2513016443;1110543778;02.12.2024;2661;A;45615
2206140518;3499733621;03.12.2024;5495;B;45655
1246801103;2096506107;07.11.2024;5110;B;45603
2208648828;3283584911;04.12.2024;4516;A;45647
1440965500;3289144202;24.11.2024;825;A;45605
1701653566;276558944;06.12.2024;12343;B;45623
4130553949;3736064128;10.11.2024;2021;A;45650
2304731149;2295217812;17.11.2024;528;B;45631
3888787202;1253370069;14.12.2024;813;B;45627
3525980424;3379260072;01.12.2024;2530;B;45640
2010908098;1035424004;23.11.2024;1706;B;45598
3176574859;2742574263;03.12.2024;17957;B;45615
1238204141;3595021912;12.11.2024;2266;B;45610
737104568;943674707;02.12.2024;27207;B;45628
252633006;457167155;03.11.2024;6311;B;45611
372616894;457167155;07.11.2024;1615;B;45622
1170105516;2706377257;02.11.2024;9774;A;45654
2012801741;414545763;23.12.2024;5703;B;45607
1962247337;2706377257;28.11.2024;7732;A;45611
2951489300;926057494;23.12.2024;1181;A;45609
804934578;1738775963;20.12.2024;4125;B;45614
3847160695;1830791924;21.12.2024;2425;A;45650
3328372908;381340408;15.11.2024;3170;A;45645
2951399376;2019355024;23.11.2024;3220;B;45632
627804981;611059232;13.11.2024;17790;A;45624
297844270;3735525502;07.11.2024;1018;B;45650
3152444021;1460891116;01.12.2024;6327;A;45631
1524568202;1722579998;22.12.2024;8856;A;45628
290974848;3379886002;18.12.2024;6362;A;45624
2411689164;2019205281;25.12.2024;5380;B;45637
3749160238;1700445283;08.11.2024;7640;B;45633
2736731761;3062433592;06.11.2024;15429;B;45599
1638982251;3062433592;28.12.2024;9236;B;45640
2663968367;821846484;26.11.2024;2463;A;45624
1120327437;4256040402;21.11.2024;6536;A;45646
3486821141;1225835168;10.12.2024;834;B;45622
1618076407;2743474511;15.12.2024;7188;A;45644
722060263;2038680547;25.12.2024;987;A;45617
4233533907;2378935119;01.12.2024;3894;A;45600
3769777863;2038023866;20.11.2024;5161;B;45614
1599526656;2273809679;28.12.2024;5189;B;45617
1457780928;1430210707;17.11.2024;1695;A;45617
3024349788;3213691396;25.12.2024;12972;A;45632
3268937183;3722682546;21.12.2024;2396;A;45650
2923696601;749770631;24.11.2024;5286;A;45651
2232016803;428219747;26.12.2024;8636;B;45616
595789313;2663148288;17.11.2024;5815;B;45604
3437333253;162423694;06.11.2024;10389;B;45650
965802885;916720205;09.11.2024;7275;B;45601
1665445278;1738359350;18.11.2024;3432;A;45655
3650380616;4258103007;21.11.2024;6382;B;45651
3163614039;2254586615;24.11.2024;54348;A;45643
665271848;3873846164;27.11.2024;7003;B;45630
3060563671;2458001652;17.11.2024;5497;A;45598
62794304;199603092;03.12.2024;7105;A;45627
3394915331;1354599463;02.11.2024;8387;B;45611
1578920557;680119828;23.11.2024;1094;B;45605
1798931686;1211585711;08.12.2024;28704;A;45608
1403947326;1075551409;04.12.2024;536;B;45640
4141167864;2716752286;30.11.2024;8169;B;45626
2774185760;975516572;18.11.2024;1766;B;45600
602399015;3967698036;05.12.2024;1109;A;45642
854120002;544963298;03.12.2024;2178;B;45649
3433533137;678354126;22.11.2024;6884;A;45655
365058890;611059232;30.12.2024;3226;A;45643
735232225;611059232;06.12.2024;9610;A;45606
3650534576;134926050;09.12.2024;3820;B;45628
52260954;3967698036;26.12.2024;1442;A;45601
4238948438;363280180;03.12.2024;1257;B;45609
2368313386;3362039251;17.12.2024;10239;B;45650
1648861120;104602633;30.11.2024;3095;B;45624
1728664132;1596819047;05.12.2024;1376;B;45629
3227521980;3938001975;17.11.2024;10307;B;45646
4045393544;991436984;22.11.2024;2164;A;45654
4206138190;1219079053;25.12.2024;5183;A;45615
891673177;572335325;02.12.2024;4346;A;45621
2531740433;3131127734;27.12.2024;8923;B;45627
290380159;732900740;07.11.2024;597;A;45652
1102655019;1826088570;22.12.2024;12910;B;45619
1170827001;3891541246;29.12.2024;1432;A;45627
1941376795;4012829377;11.11.2024;19621;B;45654
1233480079;2874956069;09.12.2024;6927;A;45620
2634363174;2892265953;14.11.2024;2283;A;45633
1071437802;2892265953;02.11.2024;1076;A;45622
3937772364;78678012;25.11.2024;1583;B;45638
565328425;309675944;27.12.2024;7596;B;45607
2830055340;2303470071;09.11.2024;683;A;45628
1556785718;2583793022;03.11.2024;1719;A;45605
2065527789;1581167209;26.12.2024;2157;A;45612
3588515863;1737494355;06.11.2024;2292;A;45614
617930325;2785040378;13.12.2024;3699;A;45648
2153842875;876081193;29.12.2024;3801;A;45643
86411600;2096506107;12.11.2024;6187;B;45615
1192036073;2953427180;14.11.2024;38201;B;45606
2089115464;2366521417;16.11.2024;3742;B;45622
1223645875;3123255051;25.11.2024;3564;A;45642
1791477067;3261022559;05.12.2024;1840;B;45642
790091309;1387624577;18.12.2024;2740;B;45634
2267826875;1070130208;12.11.2024;3634;A;45632
1784270968;2378935119;05.12.2024;948;A;45639
1934197258;1148665946;14.12.2024;2940;A;45621
1532499979;2617784228;19.11.2024;4428;B;45647
3221239900;522292794;16.12.2024;1654;B;45636
2234615357;1741803981;08.11.2024;6221;B;45653
1367815478;138252163;24.12.2024;5303;A;45613
716439623;1129369369;05.11.2024;2724;A;45646
3306480450;206724078;08.11.2024;3856;B;45606
2048878902;4256040402;22.11.2024;1644;A;45613
3634771255;2668501323;03.11.2024;18974;A;45642
4189935502;1648269707;24.11.2024;473;B;45604
1876585139;2871453277;27.11.2024;7106;A;45648
2361024027;3967698036;19.12.2024;2574;A;45651
2815409412;2125253600;24.11.2024;1432;A;45627
1335758960;518847692;07.12.2024;6195;B;45611
3959068944;2517777104;15.11.2024;12025;B;45598
2872509092;983496389;21.11.2024;247;A;45642
1216926230;1500448895;23.12.2024;3202;A;45651
2632798290;2716752286;08.12.2024;2407;A;45642
2206098194;2880866577;25.12.2024;1815;A;45621
1206085843;622980798;14.12.2024;2408;A;45630
2066718132;3656415546;16.12.2024;3073;A;45651
1826741120;471842048;27.11.2024;1906;B;45604
532398042;1306302251;15.11.2024;1986;A;45621
3630998268;1967724198;19.11.2024;10682;B;45627
1935539409;3836897869;12.12.2024;7581;B;45639
1993640374;835561402;08.11.2024;1379;B;45609
3390093829;3199637546;26.11.2024;2651;A;45619
1780029109;2785527055;26.11.2024;5022;B;45652
573486797;3118156181;23.12.2024;30983;B;45601
873230871;236764260;24.12.2024;6389;A;45599
1803127824;2830871062;23.12.2024;988;B;45639
1892362671;1643342931;13.11.2024;2755;B;45613
1764119908;3332057097;13.12.2024;3818;B;45619
394880746;3332057097;05.12.2024;3590;B;45616
3485678199;2232111114;03.12.2024;17789;A;45654
2822064496;3294452564;05.12.2024;14434;B;45621
3084571653;1501480579;29.11.2024;4408;B;45603
2503419221;3429232516;30.12.2024;1673;B;45601
918752036;3704174715;29.12.2024;2409;B;45624
2139320439;2686716486;25.11.2024;11905;A;45609
2674236505;2476105225;25.11.2024;3241;B;45633
1731035177;2771749575;18.12.2024;1205;A;45600
175363373;2067508917;07.12.2024;1788;A;45606
408545316;2153871238;19.11.2024;2815;A;45615
2024820467;1692957755;14.12.2024;2160;B;45598
2931845376;2954449915;29.12.2024;10952;A;45656
2374285072;4033511429;04.12.2024;9418;B;45635
4267573899;2038680547;26.11.2024;3616;A;45642
691299586;392419518;26.12.2024;2982;B;45639
4139571321;737242975;23.11.2024;16298;A;45635
3124204494;2927087541;29.12.2024;28471;A;45638
4129423775;71018815;30.11.2024;15617;B;45643
2883105032;3086835579;07.11.2024;3205;A;45622
797272237;11685486;18.11.2024;6437;A;45631
699854005;3391919803;03.12.2024;3012;B;45642
395889669;2873491771;08.12.2024;642;B;45635
3422531330;2230225652;20.12.2024;1607;B;45646
2305128914;4134011281;27.11.2024;6754;A;45634
460968028;3508047169;20.11.2024;3475;B;45656
3083858710;3469608676;26.12.2024;10741;A;45600
2086338800;3028866828;12.11.2024;976;A;45656
1164811175;3524303171;29.12.2024;3233;B;45640
1242996928;642826102;20.12.2024;13599;B;45605
862558739;248503091;30.11.2024;10512;A;45632
3453819322;3778207363;06.11.2024;1298;A;45639
2324389790;184835319;05.11.2024;1861;A;45614
437656952;199603092;09.11.2024;4239;B;45630
3231452720;2232111114;20.12.2024;15893;A;45632
1598128055;238992583;08.11.2024;1647;A;45642
1360774578;3234906277;11.11.2024;7917;A;45632
3742152357;3950493862;12.12.2024;2654;A;45614
2765625299;1967247027;02.12.2024;3724;B;45598
473864496;3803269165;07.11.2024;2879;B;45617
1610091760;4256040402;10.12.2024;17308;A;45625
1545495643;2686716486;02.12.2024;34630;B;45649
3279337891;1687231984;24.12.2024;559;A;45619
2370268995;457167155;06.12.2024;1980;A;45604
225225498;2308309101;22.12.2024;14987;A;45656
2117234618;4002369227;27.11.2024;2536;A;45616
2035013473;895233158;12.11.2024;675;A;45612
364342391;2849720983;19.12.2024;3152;B;45598
1284843140;3386452937;26.12.2024;8515;A;45643
1166775572;3265039507;26.12.2024;508;A;45615
2575861846;4256040402;17.12.2024;11208;B;45655
3795138501;887812064;10.11.2024;1050;A;45605
3743515850;2579882178;29.12.2024;2772;A;45627
2012012971;1516351054;30.11.2024;14622;B;45638
131747281;2579882178;27.11.2024;20404;B;45623
3897826085;3927376365;02.11.2024;11205;B;45618
1067267410;3957174400;18.12.2024;3232;A;45650
1731627062;1100237501;15.12.2024;1014;B;45644
1312693562;2522140192;13.11.2024;2341;A;45597
298049028;4157461730;11.11.2024;2348;B;45636
1769257333;2278620397;29.12.2024;34235;B;45648
3404861334;467022501;16.11.2024;1423;A;45652
26423654;1229866403;09.11.2024;1997;A;45646
1634965106;281523083;09.12.2024;2651;A;45638
3017343075;1261629107;03.12.2024;5600;B;45653
412824526;1455861274;17.11.2024;12818;B;45617
1101659272;1648269707;28.11.2024;1503;A;45649
3984783002;1178217086;21.12.2024;3754;A;45606
2330926120;1935367901;04.12.2024;1874;A;45633
3592105335;3279802827;14.11.2024;2016;A;45602
3641100475;1579036099;22.12.2024;1355;B;45607
180749850;2801638130;07.12.2024;987;A;45599
934232801;3309365614;25.12.2024;7245;B;45654
3508803238;3117119809;21.11.2024;19297;A;45638
587872075;2254456485;11.12.2024;54581;A;45636
3140010296;3647934575;07.11.2024;2825;B;45621
1651482177;2147998719;23.11.2024;2863;A;45603
218467446;650280576;20.12.2024;970;B;45620
2315635631;2606208134;24.12.2024;4455;A;45600
3413449258;387170777;05.12.2024;13433;A;45621
2211112339;982374313;11.12.2024;751;A;45629
3709669952;3295038680;20.11.2024;23903;A;45646
3046161180;4142693015;04.12.2024;7096;A;45614
143829018;3054940424;14.12.2024;1160;B;45610
520097477;2988190573;06.11.2024;22573;A;45648
161113724;3463388890;12.11.2024;3922;B;45608
800632297;4062713576;07.12.2024;2045;B;45648
630178370;2845785181;27.11.2024;2887;A;45636
2070211595;3294921142;01.12.2024;5842;A;45619
887219389;3170813781;25.12.2024;8191;B;45647
3190958060;1850778479;12.11.2024;1106;A;45652
609915801;2780786433;26.11.2024;2027;A;45654
3227505145;2128962954;25.12.2024;1210;B;45597
1275337321;3043080596;27.12.2024;2703;A;45612
1404959653;3896738923;09.12.2024;1066;A;45619
2669609377;3511496907;02.12.2024;2088;A;45619
2727336513;2629148010;14.12.2024;2707;A;45604
3532704780;3984495233;15.12.2024;20932;B;45650
3567356314;3077396270;11.12.2024;4491;B;45625
3524589317;2986402114;22.11.2024;1586;B;45645
1136317551;2416662824;11.11.2024;937;A;45604
738849391;3161387566;03.12.2024;1488;A;45655
1939633950;157579733;07.12.2024;2334;B;45598
4226817726;1349865791;08.12.2024;2772;A;45633
486115048;2358787737;23.12.2024;2712;A;45628
3412626998;3282099314;30.11.2024;12082;A;45615
2414788465;2247745159;18.12.2024;1669;B;45656
1652782757;2763027084;03.12.2024;2432;B;45598
1775445570;3118528100;11.11.2024;1577;A;45646
3154167297;2091902649;27.11.2024;532;B;45646
3800875660;3455264956;11.12.2024;2420;B;45610
1823195189;1918801743;30.11.2024;6599;B;45652
4276811111;818047933;06.12.2024;3555;A;45633
4185696070;235366767;16.11.2024;867;A;45650
3909269888;1668030113;16.12.2024;5285;B;45612
3263878605;3340403042;12.12.2024;9176;A;45648
741346069;3103718471;06.11.2024;1618;B;45618
3006440800;1738359350;21.12.2024;1479;B;45656
2029413212;182753106;19.12.2024;1298;A;45615
2345357201;3577042875;25.12.2024;2377;B;45606
968111463;458253749;08.12.2024;1496;B;45610
2994467711;1236388112;26.11.2024;1708;B;45633
4006427057;612505725;30.12.2024;990;A;45645
3745550734;1703949673;28.11.2024;8402;B;45614
3784129239;2652835245;20.12.2024;1403;A;45615
2714235110;1046398313;06.12.2024;15579;A;45628
2216192667;834731816;09.12.2024;42184;B;45606
310029418;2468974761;12.12.2024;2641;B;45632
1282317468;2254875182;18.12.2024;1495;A;45598
1676080802;910107897;30.11.2024;1034;A;45638
1612463967;3891384992;08.12.2024;6004;A;45607
2161369048;130417038;13.11.2024;2085;A;45607
194489498;1154728414;14.12.2024;2151;A;45653
1407273155;2703178540;01.11.2024;1458;A;45629
4143214054;1869662856;04.11.2024;5283;A;45632
2337370869;2016864191;12.12.2024;1104;A;45634
1407575382;1097629811;03.12.2024;2949;B;45608
3959809807;1421513677;12.11.2024;6396;B;45612
4147554249;2301937222;10.11.2024;1364;A;45609
3147672292;2492519473;15.12.2024;3261;A;45600
393610987;2700670803;10.11.2024;2698;A;45638
2106647175;2643391466;09.11.2024;5334;A;45655
562977028;233773277;01.11.2024;7060;B;45616
2476095168;1604176421;17.12.2024;5800;A;45612
1623176798;749837663;11.11.2024;15950;A;45631
3503087376;1917506191;18.12.2024;9229;A;45634
615966907;3717692402;10.12.2024;929;B;45610
4027963553;1893387602;19.11.2024;8942;B;45644
2400978083;4181076848;17.11.2024;17206;B;45601
1552043751;109615108;25.12.2024;2425;A;45640
2096847394;4251115836;14.12.2024;3126;B;45624
1745032218;1772171838;07.12.2024;1910;A;45611
4288552432;2971471657;03.12.2024;824;A;45633
2037051350;1957949546;07.11.2024;17428;A;45652
1033377712;3860669668;28.11.2024;4962;B;45625
3268879337;2536252163;27.12.2024;20400;B;45628
4041036714;978473912;15.11.2024;12843;B;45602
857639553;2044997962;05.12.2024;3229;A;45626
1205865656;3371277047;19.12.2024;5955;B;45626
1139821076;2488182306;05.11.2024;749;B;45649
4140190337;249864742;12.12.2024;1216;B;45600
1134284616;3430457488;11.12.2024;17113;A;45654
1863281703;1959144690;20.12.2024;17394;A;45616
1400686638;181166394;18.11.2024;5143;A;45645
42506358;535857429;14.12.2024;4356;B;45617
1964998089;2618159035;08.12.2024;5907;A;45602
3631538224;1622301731;29.12.2024;17263;B;45625
1177690313;2458001652;29.12.2024;2583;B;45648
3645205514;716514914;07.12.2024;353;B;45629
1794917688;252987601;25.12.2024;2750;A;45608
3533599275;4018812886;08.12.2024;2274;B;45606
318597867;3104896602;08.11.2024;5390;A;45604
2812811922;858552794;17.12.2024;1668;A;45598
1802431162;3127757912;15.12.2024;21644;A;45627
1441625969;3353177029;14.12.2024;2101;A;45656
1233825013;3160828523;24.11.2024;5746;A;45599
444963271;866305447;02.12.2024;4794;A;45628
2415738512;2038680547;25.12.2024;466;A;45610
2213813903;2378935119;07.11.2024;22009;B;45606
3796325351;4281247801;17.12.2024;2836;B;45653
3384227820;2582702340;21.11.2024;2085;B;45651
3025669476;3237158392;25.11.2024;12970;A;45647
2552819381;678354126;04.11.2024;974;A;45638
3646798055;709955468;18.11.2024;10516;B;45607
2956594374;3260527149;29.11.2024;731;B;45617
2084190534;3673190339;16.11.2024;4678;A;45598
1853288890;4171878080;30.12.2024;10601;B;45626
2061627240;1402025725;14.12.2024;5649;A;45624
2641583134;3469608676;22.12.2024;19688;A;45644
371848868;1294878855;11.11.2024;3656;B;45638
2890964573;3704741858;19.11.2024;782;B;45614
2052514069;1995481842;15.12.2024;355;B;45599
2160002122;619764962;08.11.2024;1513;B;45620
1441855393;1404934699;06.12.2024;27449;B;45628
2961045922;2696039803;12.11.2024;10402;B;45615
3252142918;1832798996;19.12.2024;14424;A;45617
822092266;4186744110;14.11.2024;1457;B;45615
2399678258;3741503045;29.12.2024;1104;B;45644
1696190144;1687240555;11.12.2024;25183;B;45654
2100491088;1147554328;30.12.2024;1124;B;45634
947776467;659580242;29.11.2024;5404;B;45618
2505918657;2524310328;23.11.2024;682;B;45600
1825231501;2587333274;04.11.2024;9817;B;45649
3878473215;2210805728;10.12.2024;1298;B;45599
2470267229;2274825520;02.11.2024;502;A;45628
3322807521;4109358064;27.11.2024;1552;A;45633
884458775;1831227158;28.11.2024;2868;B;45609
2788225284;1606766439;14.12.2024;37746;B;45644
3765974140;1357170471;21.11.2024;32361;A;45648
181836088;3528043184;03.11.2024;9893;A;45649
4161654914;990904712;27.11.2024;11608;B;45651
2609443403;2406916810;01.11.2024;1074;B;45640
590470918;1920142716;23.11.2024;1294995;B;45620
19467429;2397843657;23.11.2024;3546;B;45617
3019510679;2397843657;15.11.2024;1608;B;45642
791532781;4079050915;23.11.2024;5447;A;45651
2436528253;1060341621;03.12.2024;1119;B;45636
1168756094;3202540741;22.11.2024;3236;A;45615
578479971;707833925;30.12.2024;18515;B;45630
1061451265;3202540741;04.12.2024;6361;B;45644
3312757456;994339272;21.11.2024;6197;A;45611
1215410543;3994425631;04.12.2024;2152;B;45620
2430683444;2378935119;30.11.2024;20826;B;45630
3381429285;1890645762;22.11.2024;11363;A;45609
2291372207;2968526225;11.11.2024;2206;B;45626
2287457662;194969263;17.12.2024;2589;B;45612
1371922580;2452603128;16.12.2024;466;B;45633
3838148156;850320739;15.11.2024;2759;B;45609
2396420873;2171487014;12.12.2024;3494;B;45649
1228436647;872679699;14.12.2024;1390;B;45607
2466620500;1388838483;28.12.2024;8029;B;45630
3751930031;3909304777;29.11.2024;19027;B;45630
2656017279;2288159513;08.11.2024;857;A;45648
455568416;1414758703;12.11.2024;7396;A;45634
1679400779;600572117;06.12.2024;3699;B;45655
35929812;2168467118;12.12.2024;3329;A;45614
416170089;3146597820;24.11.2024;6976;A;45601
1750160666;1333886533;27.12.2024;2225;A;45622
1658608862;3985807412;18.12.2024;555;A;45608
3367644853;2307676173;03.11.2024;5478;B;45649
3075639014;351125977;19.12.2024;5121;A;45612
3755354294;2458001652;03.12.2024;7793;B;45626
2781850870;2954449915;21.12.2024;4001;B;45645
543654048;2458001652;11.11.2024;1791;A;45641
1442150543;1333058479;06.12.2024;3723;B;45641
1565422415;191870721;20.11.2024;1960;B;45629
863448794;2738601405;04.11.2024;738;B;45635
141445646;3017378493;09.11.2024;3722;A;45617
2683113224;154576532;16.12.2024;27483;B;45610
2661837070;3819243527;26.12.2024;9245;A;45624
4170537404;290022471;18.11.2024;16760;B;45617
2854869852;586100578;05.11.2024;2526;B;45648
1490093586;1404560065;14.11.2024;10190;B;45620
3900869207;656974993;28.11.2024;2937;B;45625
1184338948;3254689071;24.11.2024;1076;B;45617
4182212811;3663170795;14.12.2024;1950;B;45629
3435237349;3342201840;15.11.2024;9143;B;45655
2234122314;3310105714;10.11.2024;9587;B;45603
798048333;3462462738;22.12.2024;2939;A;45609
4169633550;1858007013;04.11.2024;2717;B;45601
3224706027;2378935119;28.11.2024;4571;B;45599
2004946059;1637811943;11.12.2024;1762;B;45611
2013919907;2928315504;02.12.2024;692;B;45599
457171476;1377447894;24.11.2024;705;B;45649
2939332152;3245907439;22.12.2024;20123;B;45619
469964133;537599508;25.11.2024;14458;A;45600
1651227034;2927087541;13.11.2024;2357;B;45653
1954636284;2600415354;19.12.2024;2139;B;45644
2419903539;3177790019;08.11.2024;31253;B;45601
1715714627;495712671;12.12.2024;2293;A;45602
2280027650;2458001652;24.12.2024;7622;B;45640
2631228632;1772171838;13.11.2024;6429;A;45608
858446481;517094627;06.11.2024;840;A;45648
752294429;2758621772;26.12.2024;1510;B;45653
2786000406;2744017357;11.11.2024;2453;A;45621
2882003943;3212572194;06.12.2024;1816;A;45644
3245585636;938079215;30.11.2024;11708;B;45645
1048853344;3724732821;09.11.2024;20662;B;45618
298049448;3013339133;06.11.2024;3046;B;45647
3330749678;3367493247;11.11.2024;9227;B;45634
128480032;3504688413;18.11.2024;8580;A;45628
1207030791;2700013943;21.12.2024;2200;B;45648
1641863009;3937582421;03.12.2024;11189;A;45644
2825038272;3951559397;26.12.2024;31824;B;45628
246848596;3951559397;04.12.2024;2668;A;45610
2596511168;2370420350;20.12.2024;3000;B;45645
2122398532;1937307986;14.11.2024;10277;A;45649
635407424;85103373;21.11.2024;1912;A;45601
50573571;152397976;24.12.2024;852;B;45601
735672072;3371539723;01.12.2024;517;A;45641
2717892024;865916592;05.12.2024;1323;A;45600
2541233311;4027578749;21.12.2024;2925;A;45656
3896562897;3628338328;25.11.2024;3472;B;45649
438781793;1159489312;21.11.2024;8494;A;45633
4067849009;2108163459;29.12.2024;1324;A;45638
2012347492;2572275626;07.11.2024;6265;B;45641
3913205113;4006260374;24.11.2024;3817;B;45615
2092376102;1879028067;24.12.2024;2375;B;45644
1393848137;3874092616;28.11.2024;18023;B;45627
2744208512;4109358064;16.11.2024;5694;A;45647
3944922068;1474473704;15.12.2024;7435;B;45626
2765468571;4038883307;17.12.2024;6487;A;45621
1472783002;1617417821;03.12.2024;2241;A;45627
3754751399;2044997962;28.12.2024;6616;B;45624
582361359;2044997962;01.11.2024;1336;B;45636
1765769688;1744796792;30.12.2024;3772;A;45603
4152028361;352377175;12.11.2024;471;A;45650
2773724620;1802957007;10.12.2024;836;B;45653
641338041;623318263;05.11.2024;10516;B;45634
815003794;1303698307;18.11.2024;3994;B;45655
1739748874;522292794;07.12.2024;5085;B;45655
3487214061;2776274025;25.12.2024;7303;A;45656
3031564664;393266494;18.12.2024;22009;A;45636
1654949825;1335154194;10.11.2024;1059;B;45653
1570513684;2837914161;12.12.2024;33589;B;45626
1543948528;492739583;12.11.2024;1061;A;45631
90109939;2075769885;11.11.2024;3941;B;45612
3970235543;2912540959;17.11.2024;44809;A;45656
4016435970;4017075195;15.11.2024;14190;A;45644
1973794357;1698039057;03.12.2024;10461;A;45606
3660038601;1463715810;03.11.2024;1310;B;45654
3311675826;3116822707;02.11.2024;5361;A;45602
3061324106;3972127743;24.11.2024;8814;B;45610
3925488023;3984495233;19.11.2024;20310;A;45612
384670583;1247895435;24.11.2024;1280;A;45615
1703637902;4251087345;20.12.2024;5351;B;45619
1187625359;3362039251;13.12.2024;6898;B;45621
1084293954;2069923923;11.11.2024;1879;A;45618
2425764900;3713138051;09.11.2024;2883;B;45612
3049238571;2710478747;14.11.2024;11312;A;45647
3678943889;417213830;28.12.2024;6873;A;45600
3831358676;2139465532;26.12.2024;11970;B;45628
2172704731;2042457747;03.12.2024;18816;B;45613
2866469834;3917749921;28.12.2024;4892;B;45652
2912128786;2030837847;02.12.2024;25550;B;45639
430186476;2780786433;04.11.2024;1812;A;45599
4243941421;1367935136;29.12.2024;35506;A;45651
3894221956;3584855583;28.11.2024;10085;B;45605
323958042;1010866419;20.11.2024;28304;B;45644
151437276;3908431265;13.11.2024;1514;A;45653
1926996770;3908431265;14.11.2024;2653;A;45627
3986425716;3908431265;01.12.2024;1189;A;45648
1747904063;4144343220;06.11.2024;5414;A;45607
571224785;3941503500;12.11.2024;5630;B;45630
2489491772;856264494;30.11.2024;4597;B;45644
3621273697;3941503500;11.12.2024;5452;B;45604
2888367978;1052142804;04.11.2024;1322;A;45611
3772248562;3075705514;14.12.2024;2017;B;45624
3241914033;3957174400;08.11.2024;3143;B;45605
2243349176;1452540367;13.11.2024;33932;A;45642
922638597;935349363;13.11.2024;36422;B;45629
3649785329;1341752722;09.11.2024;1233;B;45619
1910474662;3661375494;07.11.2024;3057;B;45628
3600573749;3928949490;12.11.2024;6351;A;45598
2952636658;56960363;18.12.2024;2150;B;45612
4021746511;113298937;09.12.2024;28219;B;45649
4226156350;3660225571;02.12.2024;2241;A;45620
1867784682;2247666522;05.11.2024;31623;B;45606
1079956648;4087542339;21.11.2024;1054;A;45644
4084175636;2430786771;10.11.2024;2611;A;45628
1887336629;6958315;10.12.2024;1562;B;45644
3394575003;2025197455;22.12.2024;1158;B;45655
212815314;2054014923;21.12.2024;5842;A;45655
2724331495;4279090005;25.12.2024;6900;B;45609
3932236947;2038680547;11.11.2024;3510;B;45609
1570911533;2038680547;17.11.2024;2179;A;45605
1634400895;3540744920;12.12.2024;3813;A;45639
4060991953;3719891787;24.12.2024;19346;A;45632
3247488765;1588775363;29.11.2024;5944;B;45618
1407752954;1555770826;02.11.2024;2601;A;45598
3167192434;3379260072;03.12.2024;770;B;45654
1126146019;2705308997;14.12.2024;751;A;45620
3301293313;1151477821;05.12.2024;4419;B;45632
1774899068;274717519;17.12.2024;3760;A;45599
1482923642;666694713;17.12.2024;2152;B;45623
3700356838;4256040402;09.11.2024;18284;A;45610
2476870871;916684595;13.12.2024;6521;B;45640
3702128013;237748145;15.11.2024;2143;A;45626
1601158430;990849616;03.12.2024;4350;B;45626
1661608904;199874245;01.11.2024;423;A;45655
3430893515;1831375989;23.11.2024;3029;A;45600
2205947780;1049627981;22.12.2024;10831;A;45656
629969501;3935952912;25.12.2024;4870;B;45633
3352388207;1938138695;29.12.2024;13853;A;45607
831316805;3511617963;29.12.2024;8874;B;45640
2339908130;1485964287;22.11.2024;3291;A;45647
3627506669;3177606451;16.12.2024;2922;A;45653
160345536;2445878741;18.11.2024;568;B;45621
3126152734;702994395;03.11.2024;1346;B;45615
2356264591;1224903511;18.11.2024;639;A;45631
11068804;3166175118;30.11.2024;5569;B;45610
3608171161;3637027427;15.11.2024;14352;A;45611
1215730747;2038680547;03.12.2024;2800;A;45606
4007826947;3891541246;06.12.2024;1447;B;45643
3384575290;456417264;08.12.2024;2627;B;45599
2672742956;2025197455;30.11.2024;13339;B;45655
332633624;3891541246;12.11.2024;5886;A;45598
2461347779;4223733735;09.12.2024;2834;A;45644
1244084011;2458001652;14.11.2024;700;A;45632
2252458552;2036584322;20.11.2024;2595;B;45608
4071177889;3931967268;16.12.2024;54009;B;45610
1172658283;671625855;03.12.2024;12168;B;45617
2707614072;2248249182;06.11.2024;2429;A;45646
3184248123;3616659553;14.11.2024;2035;A;45600
2150972893;1229532929;09.12.2024;7504;A;45645
1532137447;1378148355;11.12.2024;1089;A;45626
50225499;869044563;13.12.2024;18231;A;45630
3108623697;117599621;26.12.2024;1626;B;45616
380504587;1831140265;22.11.2024;26743;A;45633
2148936881;654930236;14.12.2024;20267;B;45601
1576403126;3956892867;10.11.2024;3587;A;45615
1666104258;2038680547;23.12.2024;3135;B;45611
19446369;2666467773;15.11.2024;4151;B;45655
3022667018;3935952912;20.11.2024;2298;B;45628
4212256267;4120364173;23.12.2024;40048;A;45619
1483298733;2201480904;21.11.2024;1106;B;45601
2143803288;442260868;16.11.2024;13444;A;45605
1329556473;2626290177;22.12.2024;26320;B;45629
3448552908;960782649;25.11.2024;19777;A;45610
2516233682;1069983096;29.12.2024;4203;A;45650
4077952433;178249104;24.11.2024;17013;A;45626
1578727547;793112967;21.11.2024;18500;A;45648
2067529988;4014197579;08.11.2024;11221;A;45645
3560142722;2531836666;08.11.2024;5065;B;45602
1869578588;195530970;07.12.2024;17572;B;45635
2184241291;2399568665;23.11.2024;3992;B;45638
3047865341;2461709734;24.11.2024;5160;B;45655
3730164576;1476741193;27.12.2024;15717;B;45648
4016803793;366673373;08.12.2024;834;A;45599
369801982;954785863;26.12.2024;10816;B;45640
2591976620;2999778091;06.11.2024;14398;B;45637
3664867609;1476256851;21.11.2024;2105;A;45631
1328714350;3133484003;04.11.2024;9848;A;45601
3796946799;4095180727;08.12.2024;5421;A;45631
2180201337;1728743776;20.12.2024;10250;B;45613
1646402801;382846391;25.11.2024;44437;A;45644
3544621373;621427706;25.12.2024;19611;B;45604
1314703772;2396121427;06.12.2024;2645;A;45650
2782494067;4166660304;05.11.2024;242;B;45607
3720572478;1577719542;22.11.2024;4502;B;45611
2107411712;2819363575;01.12.2024;1680;B;45611
2178722073;816783716;03.12.2024;34947;B;45599
3659622247;4224378620;30.12.2024;10969;B;45623
380685964;643335272;09.12.2024;1059;B;45631
2081053731;3572819427;08.11.2024;8010;A;45642
1988035100;1016890234;10.11.2024;18880;B;45602
3615982016;4194288377;02.12.2024;5392;B;45634
1381001911;907970812;05.12.2024;2365;A;45636
1415191499;3636663279;15.12.2024;3549;B;45648
1811671147;4266935830;29.11.2024;79092;A;45636
2612401984;2393492379;03.11.2024;3325;A;45645
2280802660;2412366830;16.12.2024;4934;B;45644
452710654;3072399624;15.11.2024;11071;A;45614
2547759316;2803209166;05.12.2024;2250;A;45616
2380347282;430948481;12.12.2024;1142;A;45618
3207473498;2663297422;11.12.2024;2659;A;45641
165288431;2162698752;18.11.2024;17004;A;45617
1096121493;1722729964;16.12.2024;745;B;45644
3924423491;280073872;15.12.2024;1264;B;45605
3667885894;1230306981;24.12.2024;6851;A;45632
2627773869;4231233292;16.12.2024;10870;B;45634
1748608673;1230306981;21.11.2024;7189;B;45639
2658936877;1230306981;20.12.2024;7144;B;45650
278311817;1230306981;17.11.2024;1917;A;45634
2348589867;1294878855;01.11.2024;28091;A;45604
3614621763;3977396102;25.12.2024;2806;B;45641
3879539725;3953983768;09.11.2024;2689;B;45655
2083889130;4176813035;29.12.2024;1972;B;45609
3185013805;4037118491;14.12.2024;18695;B;45628
1216533772;4266935830;03.12.2024;79706;B;45637
653973461;2231749745;14.12.2024;656;A;45621
3964942202;358944393;27.12.2024;43041;A;45648
2972137054;1614305549;06.11.2024;9733;B;45613
1573514293;3148168974;06.11.2024;5826;B;45643
2663041816;1614305549;15.11.2024;2171;A;45625
511953429;1333886533;10.11.2024;3116;B;45655
3837794863;243620413;19.11.2024;1043;B;45629
3455399567;3141507731;25.12.2024;18862;B;45616
3589879928;1565607587;17.12.2024;4144;B;45649
3586870909;2458001652;14.11.2024;5865;B;45647
3244441077;3803269165;11.11.2024;1081;B;45629
3165578945;1253818784;25.12.2024;9986;B;45640
2235924775;473299164;27.12.2024;6079;B;45597
198999602;3659263677;05.12.2024;2655;A;45626
1612868255;2378935119;17.12.2024;31044;B;45653
429858801;3984495233;28.11.2024;15320;A;45652
3606446640;2378092656;11.11.2024;889;B;45638
2472751116;2328791559;25.12.2024;2799;B;45610
4082166396;2046011647;05.12.2024;2153;A;45650
1936881098;3607649875;20.11.2024;2743;A;45606
4293855558;8300375;13.12.2024;1991;A;45647
1185885568;759473111;30.12.2024;20192;A;45629
2541328114;1426761187;10.12.2024;11961;A;45642
2845314954;2663984869;11.12.2024;4507;B;45652
2741495374;1667068825;09.11.2024;4941;B;45629
3256245027;993094131;05.12.2024;1824;B;45638
514501382;950626008;06.12.2024;46758;A;45635
619615697;582460750;11.11.2024;11403;B;45634
672040400;723038324;10.11.2024;3789;B;45637
3805806808;3866069709;19.12.2024;2831;B;45601
2699289722;862992587;14.11.2024;647;B;45609
175321713;2138109167;11.12.2024;403;B;45637
2961490189;1404560065;20.11.2024;18470;B;45654
972407388;237748145;11.12.2024;1377;A;45605
1946569610;3693438260;11.12.2024;3866;A;45621
3232411764;2357168171;08.12.2024;24895;A;45600
1676073049;2696599598;07.12.2024;1173;A;45625
3901964025;296565978;11.11.2024;1314;A;45635
390467479;2546716293;25.12.2024;2482;A;45625
3517061727;4062055840;08.11.2024;7888;A;45614
2023295336;4009017467;25.11.2024;28680;B;45630
2700709852;2561350211;04.12.2024;3252;A;45647
2309447140;2913441496;25.12.2024;2406;B;45603
3163082555;906523562;05.11.2024;3884;A;45643
3959083601;2458001652;19.11.2024;18084;A;45623
1416727054;3357398384;29.11.2024;29993;B;45623
2667448076;2587333274;01.11.2024;6714;B;45643
3335803766;477780734;25.11.2024;7917;A;45634
3568733367;1206072200;25.12.2024;3099;B;45638
132561921;477780734;20.12.2024;4286;B;45646
3782700345;2395035985;13.12.2024;5844;B;45650
4143391178;1373713654;24.11.2024;10070;B;45656
3328555363;406208401;14.12.2024;3686;B;45626
2524994153;2605843205;18.12.2024;14932;A;45649
1061639574;2195309755;21.12.2024;3117;B;45645
4228929090;2819072957;30.12.2024;1882;B;45634
2541955961;1230306981;06.11.2024;10801;A;45654
405281389;2108163459;30.11.2024;912;A;45626
2142284513;1438226485;25.11.2024;3493;B;45656
1113045957;3323129950;23.12.2024;14788;A;45625
3603576309;4133034833;20.11.2024;68845;A;45623
3668308183;888512513;07.11.2024;86872;B;45648
648682471;2633052872;24.11.2024;5888;A;45628
1589082866;3321013705;07.12.2024;50262;A;45622
1237221075;3304571422;29.12.2024;885;B;45655
434147256;2396134342;21.11.2024;680;B;45629
2419950278;509080881;03.11.2024;19745;B;45635
3133733765;1255412427;07.12.2024;3435;A;45623
348143148;689129267;23.12.2024;37814;B;45652
237002862;1398592185;23.11.2024;1293;A;45641
2271171213;2162167602;19.11.2024;19656;B;45608
860384268;2316833558;06.11.2024;3274;B;45635
1234615529;2279926127;22.11.2024;46613;B;45627
125335873;3423937755;20.11.2024;654;B;45634
461722689;2988190573;01.11.2024;25484;A;45648
416093091;447836349;06.12.2024;2531;B;45620
1530631615;1544467991;26.12.2024;1502;A;45632
2139039614;1455323168;30.11.2024;1637;B;45643
1109375840;2924874435;13.12.2024;1217;A;45633
3047372556;171459513;11.11.2024;6421;B;45647
2489555571;1395236619;07.12.2024;10579;B;45619
2176732109;705680638;08.12.2024;1384;A;45603
1457259561;2421265884;18.12.2024;1054;B;45606
178265899;433951253;29.11.2024;5888;B;45630
1278695805;1614305549;19.11.2024;1401;A;45622
2102403691;2213855729;27.11.2024;3339;B;45653
3257317835;1224575308;11.11.2024;1490;A;45644
1907905097;3906435972;06.11.2024;2069;B;45615
1670357589;1774856294;12.12.2024;2079;B;45653
2309036559;2908466434;22.12.2024;1905;B;45614
957249987;2666068032;29.11.2024;10011;A;45643
2049400530;2429822128;10.12.2024;2917;A;45623
1157343706;589808731;18.11.2024;552;A;45654
1092669520;600964629;19.11.2024;1770;A;45627
3784111282;329473477;20.12.2024;13021;A;45609
2726404029;1602967004;09.12.2024;5521;B;45639
408812103;2486521341;19.12.2024;4193;A;45640
1311251665;264456202;07.12.2024;1493;B;45637
936042206;1617417821;04.11.2024;8117;A;45653
2339954598;1668030113;04.11.2024;2881;A;45598
189332332;1959144690;28.12.2024;17092;B;45654
1183827418;3573155649;28.11.2024;5681;B;45641
3502192780;683554837;28.11.2024;4589;B;45634
1507038921;1011231197;15.11.2024;3600;A;45651
1348929396;2698944478;05.12.2024;1073;A;45640
2430984474;2467439671;26.12.2024;4803;B;45624
202241000;3062077384;26.12.2024;2635;B;45627
3455897155;2065143173;25.12.2024;496;A;45617
3525952977;2888793654;28.11.2024;13791;A;45607
4178616791;3016218652;08.11.2024;1911;B;45626
4080243878;2988190573;28.11.2024;20945;A;45646
2090708381;1197773061;08.11.2024;1986;B;45655
4230875336;2669052850;07.12.2024;2781;B;45643
777722931;3907107900;24.11.2024;1317;B;45632
1595002579;2744017357;24.12.2024;5489;A;45654
2291957725;2188683977;19.11.2024;6506;A;45613
724544405;2572433473;26.11.2024;3076;B;45606
2017680897;399216493;20.12.2024;1960;A;45617
504373597;2604012846;19.12.2024;1101;B;45647
2875229767;1627549308;29.12.2024;1538;B;45623
1988916037;3187581794;09.11.2024;5444;B;45601
4167421281;154825609;05.12.2024;4361;B;45612
2726113349;1801183820;26.12.2024;244;B;45640
1361424159;3033962131;22.11.2024;1848;A;45653
2740953457;3102053760;06.11.2024;1050;A;45597
2344401705;366673373;13.12.2024;2178;A;45631
3362484972;3717692402;10.12.2024;3392;A;45621
290471249;2041539477;25.12.2024;8636;A;45601
3278896715;3451176495;30.11.2024;2430;A;45656
663375979;1508900659;26.12.2024;1542;A;45616
1605437540;3012531415;23.11.2024;6432;A;45639
1759418862;4186807279;10.12.2024;18715;B;45644
1722971027;1786280350;29.11.2024;1027;B;45610
3585957438;3229395114;17.12.2024;8197;A;45612
1460586653;4213333413;23.11.2024;1002;A;45613
3069553209;1351898488;20.12.2024;5297;A;45644
380064637;4186807279;20.11.2024;14211;B;45612
767912658;1667360450;03.12.2024;519;B;45612
3303424591;645425477;16.11.2024;18213;A;45612
3900298739;1539796403;12.11.2024;2990;A;45609
2971973105;199603092;17.12.2024;2797;A;45632
3086067579;277405052;24.12.2024;20636;A;45639
446569841;1471458381;05.11.2024;1065;B;45651
142712712;1397211727;07.12.2024;1272;B;45603
3987401232;627176112;10.12.2024;7710;A;45646
1029192242;570540961;28.12.2024;2755;B;45606
2514024187;3766097110;08.12.2024;995;A;45625
217480737;2846507753;29.11.2024;1207;B;45638
2851407406;368204224;06.12.2024;790;B;45637
2470658885;3766097110;06.12.2024;1113;B;45613
1636454846;4237561104;01.11.2024;1123;A;45626
3854129892;625115313;29.11.2024;10326;B;45603
3279015842;888420622;14.11.2024;16084;A;45597
2909182252;3720590235;26.11.2024;4034;A;45646
769008348;583433650;06.11.2024;6360;B;45604
1607016207;3717692402;08.12.2024;4782;B;45608
2368020497;2870367609;25.11.2024;1503;B;45612
234238251;2742574263;15.12.2024;9508;B;45605
3730368751;1669393038;12.12.2024;11008;B;45597
2076434956;3941795274;27.11.2024;1811;A;45625
3536751509;3722970464;07.11.2024;1748;B;45623
3734714128;471551937;15.11.2024;23353;A;45627
3809397218;3263046761;04.12.2024;1672;A;45613
4256972642;3281496343;22.12.2024;2968;A;45612
3406907886;2082081961;26.11.2024;1608;A;45598
1063646926;102981183;02.11.2024;15107;B;45618
373945924;3785537730;30.11.2024;3039;B;45605
3834417582;4205543768;21.11.2024;2761;B;45610
986374747;949750571;28.11.2024;896;A;45611
8131427;3587733103;05.12.2024;5453;A;45602
262925486;2772153338;05.12.2024;2666;A;45617
2865895399;1732269954;04.12.2024;1386;A;45624
3483580157;2580341989;07.11.2024;19134;A;45655
2318242783;1634934899;30.11.2024;976;B;45623
847315305;2780786433;25.12.2024;1307;B;45654
192721366;1316129916;14.12.2024;94769;A;45625
549358396;3792964032;02.11.2024;3411;A;45636
1369044083;1826431635;05.12.2024;8998;B;45604
2229298010;1738359350;07.12.2024;2647;B;45614
4203085435;980818195;07.11.2024;7391;A;45624
1408156385;2217984702;24.11.2024;1251;A;45605
1273552286;3993040832;16.11.2024;13235;B;45630
549769193;1420364840;16.11.2024;5318;B;45613
707525727;1270030113;08.11.2024;4060;B;45613
1538887006;3372131337;02.12.2024;36372;B;45646
3949629544;3042692891;25.11.2024;4676;B;45650
511011368;1981624632;04.12.2024;6809;A;45620
4166735432;285030828;20.11.2024;18536;A;45629
4244481880;4037043590;16.11.2024;1634;B;45616
2000852429;2445531802;08.12.2024;956;A;45647
2519737434;4256040402;13.11.2024;58378;B;45649
3636437832;3736558232;15.11.2024;1876;B;45646
2367795708;1554533732;23.12.2024;3920;B;45615
2599120403;1596970166;21.11.2024;4204;B;45630
1319904784;1274716998;21.12.2024;1511;B;45628
3315359627;1831956319;17.12.2024;273;A;45601
1197739160;1801183820;27.12.2024;808;A;45648
3466109212;1713857373;19.12.2024;14828;B;45606
1845245000;1507665514;02.11.2024;2432;A;45597
1477976259;3870317023;15.11.2024;3380;B;45623
2412219836;2458001652;01.12.2024;2947;B;45601
894865132;1557781683;30.12.2024;1605;B;45603
335158381;947532470;16.11.2024;5737;A;45609
51443164;4278982564;15.11.2024;24919;A;45610
383287370;407706407;13.11.2024;1820;B;45625
4103220998;3979054828;07.11.2024;3431;A;45618
3586326620;1630618580;04.11.2024;750;B;45623
1192185169;2853587382;04.12.2024;30955;B;45618
3608152685;3796654595;15.12.2024;4164;B;45642
69312188;1009464434;21.12.2024;11599;A;45602
3390166538;329726006;05.11.2024;5008;A;45601
559859702;3149228032;15.12.2024;1433;A;45632
1646874005;2306096143;23.12.2024;13593;A;45640
4100162122;2736682487;27.11.2024;1838;A;45621
374969414;3877129255;12.11.2024;21397;A;45601
1035705992;1396482013;22.12.2024;18241;B;45608
2159858322;2283224496;22.12.2024;2623;A;45643
3922986948;1316129916;08.12.2024;1049;B;45635
3402467119;4256040402;22.11.2024;1961;A;45647
1243954217;467975735;15.11.2024;862;A;45606
2859293852;3647477940;07.11.2024;2019;B;45614
305846010;1677041464;11.12.2024;995;A;45624
2120503539;3239199975;24.11.2024;724;B;45618
3910266759;789265206;03.12.2024;3062;A;45598
1992809750;1775276630;24.11.2024;20221;B;45604
3352225027;1807547430;03.12.2024;985;B;45602
1062393;2661240577;09.12.2024;6876;A;45649
1612010084;2008082479;21.11.2024;2562;B;45609
4013545461;2614516882;23.12.2024;2391;B;45650
437876380;39475350;15.12.2024;4049;B;45631
4132628207;2604694259;25.12.2024;2260;B;45646
2792059099;1602967004;17.12.2024;4099;A;45632
3675491906;3097512534;29.12.2024;1869;B;45604
527333943;2458001652;26.11.2024;6089;B;45654
1594277506;835577924;22.11.2024;26078;B;45621
3839104003;2108163459;08.11.2024;789;A;45633
3068877425;2650211599;28.12.2024;13454;A;45610
3057892078;249864742;23.11.2024;5666;B;45611
3102219893;151496413;02.12.2024;906;A;45651
4223601037;1611907877;25.12.2024;3127;B;45621
1763788632;3893674369;27.12.2024;4846;B;45634
3778001764;47206413;28.12.2024;1670;B;45622
3817119382;2840985286;13.12.2024;35851;A;45611
884109530;1909539331;02.11.2024;3902;A;45652
31060183;710690947;28.11.2024;1021;B;45600
2894657060;204675465;21.11.2024;33935;B;45651
926804035;634450378;20.12.2024;947;B;45654
3682739914;3910723394;14.12.2024;20116;B;45618
2575492995;4144979507;11.12.2024;1342;A;45639
4149397657;2902041511;18.12.2024;735;A;45607
3760662696;3577713868;15.12.2024;52;B;45609
1537104566;1782658204;21.11.2024;2454;B;45600
1399322126;1184607010;26.12.2024;7443;A;45652
936917445;393266494;16.11.2024;2604;B;45601
3628490752;284094220;24.12.2024;1808;B;45642
1575313118;3717692402;13.11.2024;1705;B;45645
3873503306;3101956850;11.11.2024;4463;A;45599
2420050534;4003628586;29.11.2024;59480;B;45622
2497497433;1830803815;09.11.2024;1295;B;45603
2518211204;3077396270;12.12.2024;7604;B;45654
1215018444;2406897935;15.11.2024;18992;B;45603
154338469;3941600282;02.12.2024;19156;A;45616
1364984427;2010516786;30.12.2024;15742;B;45608
210558688;2733145037;26.12.2024;3760;A;45620
2128508695;2733145037;25.12.2024;7411;A;45636
3462663151;2158146269;21.11.2024;5132;A;45654
1347999392;887908475;22.11.2024;61075;A;45647
627172106;3074968175;03.11.2024;24538;B;45656
965979600;48147722;30.11.2024;1157;B;45598
3187348360;1596446524;23.12.2024;3024;A;45645
2932932798;3694317332;22.12.2024;9896;B;45613
3831307789;3185203440;26.11.2024;1512;B;45648
3143300221;4134830387;26.11.2024;3020;B;45631
3122496224;3255082731;09.12.2024;1516;B;45634
3759988715;1762249948;10.12.2024;5497;B;45629
1207636128;3640080856;23.11.2024;3619;A;45600
3027277658;2973964255;17.12.2024;2628;B;45600
2012277167;2999642019;07.11.2024;28952;B;45612
401622769;635956745;12.11.2024;11798;A;45655
3024416906;530257481;06.11.2024;19282;B;45613
3088760849;259989552;27.11.2024;2908;B;45623
3018088287;3600436937;08.11.2024;2278;B;45616
271768864;2440451175;30.12.2024;6538;A;45618
914877599;1174537443;27.11.2024;882;A;45609
1126236755;4228915420;27.11.2024;2414;B;45618
2762748803;856349446;04.12.2024;2474;B;45637
1105761923;996668426;28.11.2024;3203;A;45625
3478707774;2587333274;02.11.2024;4185;A;45607
4042759961;3686264987;19.12.2024;687;B;45618
2419539947;2587333274;04.12.2024;4172;B;45649
698171827;3941795274;11.12.2024;1324;B;45652
836739159;4283872382;30.11.2024;4262;B;45611
3492564891;228221722;30.11.2024;12663;B;45643
260086319;2156256996;14.12.2024;3414;B;45601
3457754169;3752369942;03.11.2024;1159;B;45603
123992977;406208401;20.12.2024;3623;B;45654
2785716100;2084876480;26.11.2024;15249;A;45614
3759220283;3116161138;11.11.2024;589;A;45612
702418073;3396460792;02.12.2024;1051;A;45599
3778147089;4243832526;11.12.2024;8896;A;45646
1428722141;2261102418;24.12.2024;2009;B;45605
3217433767;2637462286;13.12.2024;708;B;45630
2689922045;3020644940;12.12.2024;6317;A;45628
218256919;91069833;14.11.2024;1571;B;45637
287313500;172218683;23.12.2024;2033;B;45633
1167684138;2895396501;19.12.2024;2458;B;45616
4035028498;721509856;07.12.2024;196;A;45654
2600542600;683753316;06.12.2024;7013;B;45630
465243102;451104171;22.12.2024;1036;B;45620
3273938321;3857804666;18.12.2024;5347;B;45624
1476390797;2044161277;10.11.2024;1801;B;45597
2436452823;2710492161;23.11.2024;1708;B;45636
3465107905;2075883701;06.12.2024;3273;B;45620
1998112401;1900893596;10.12.2024;256;A;45629
1941116644;2373765141;27.11.2024;15040;B;45618
1001961505;803709563;09.12.2024;12282;A;45646
1811538381;4174346527;03.12.2024;1821;A;45604
635351875;2114962460;04.12.2024;4711;A;45641
2420262036;321150727;16.11.2024;1580;A;45656
3143229464;282188993;29.11.2024;1987;B;45616
2765619353;54447517;04.12.2024;781;A;45608
1885465086;300249313;14.12.2024;1814;A;45646
2156491846;2592727107;23.11.2024;560;A;45652
1861540412;2261934787;15.12.2024;53093;A;45651
3901196331;3077470899;26.11.2024;3869;B;45638
2316868256;2600415354;18.11.2024;2926;A;45631
2670069237;232979603;10.11.2024;3474;B;45644
2211880073;3612778094;27.11.2024;4172;A;45647
1634999519;4076480073;07.12.2024;17873;A;45646
3141224116;4216089391;24.12.2024;4749;B;45630
83566152;232979603;02.12.2024;53;A;45650
3784371772;551106609;10.12.2024;9980;A;45632
4262851755;1294878855;20.12.2024;1007;A;45598
3229560351;427004138;25.12.2024;1369;B;45597
1729012139;3613900590;08.11.2024;13254;A;45611
1415970216;4256040402;28.11.2024;5312;A;45619
453824282;4256040402;13.12.2024;2298;B;45615
557323463;2361350105;30.12.2024;1720;B;45625
969750843;4120364173;22.11.2024;16195;B;45649
2411823395;3788724847;16.12.2024;2882;A;45640
2886170101;930758570;01.11.2024;7229;B;45643
3845118557;1964413493;09.12.2024;621;B;45618
4180327962;2152549680;27.12.2024;4245;A;45647
853409662;1390677121;25.12.2024;19199;B;45616
429304275;3301980586;08.12.2024;578;A;45654
4067377068;318152663;07.12.2024;1318;B;45633
469609643;2378935119;01.11.2024;58226;A;45611
1282920840;266115224;30.12.2024;3372;B;45642
1661772358;2378935119;19.11.2024;2692;B;45601
677472159;1111826046;27.11.2024;3956;B;45604
1338703051;962484204;08.11.2024;1731;B;45635
2640648270;2245562049;17.11.2024;12638;B;45644
2898835960;3972127743;12.12.2024;9290;A;45611
2890600501;1404934699;18.11.2024;9182;B;45643
4149581711;1555048873;21.12.2024;2205;B;45651
2983450240;1605520752;25.11.2024;28298;B;45602
1853671858;1859207151;15.12.2024;7598;A;45620
4036458680;2304039735;30.12.2024;18936;A;45624
3497987294;1212176445;13.11.2024;1864;A;45601
265631116;3656415546;29.12.2024;628;B;45608
543733679;4100747010;20.12.2024;1122;B;45649
1814628689;1404934699;04.11.2024;9256;A;45643
1076322816;2219162270;22.11.2024;6396;A;45611
3533389249;410113592;02.12.2024;2627;B;45641
1266191879;4259830713;29.11.2024;4059;A;45632
4057562044;4134830387;02.11.2024;2367;B;45654
1514149551;2507107988;28.12.2024;3939;A;45629
3432950155;367176526;27.11.2024;4111;B;45614
2104773562;1612349123;01.12.2024;902;B;45607
375844049;600884435;09.12.2024;14719;B;45619
55417546;3044645888;02.12.2024;1046;A;45642
1266977500;931669455;04.11.2024;4040;B;45615
1880179202;2463259495;12.11.2024;959;B;45622
158295218;1576289054;01.12.2024;15769;A;45622
562221532;2138044356;11.12.2024;1754;A;45643
1674284750;2634105098;17.11.2024;17231;B;45611
1859123281;1835372109;07.11.2024;1931;B;45647
2518195580;4163850406;25.12.2024;9697;A;45602
1892286239;1388079388;27.12.2024;1165;A;45654
1817215137;2458001652;08.12.2024;9183;A;45646
842507644;3170292896;10.11.2024;2110;B;45602
606354126;3115684948;11.11.2024;18407;A;45598
1929420857;3359518621;23.12.2024;2074;A;45600
2241655654;3552142259;16.11.2024;6130;B;45598
3291040387;1263373242;23.12.2024;5066;B;45613
7210578;1495112755;22.11.2024;4692;A;45633
2375657872;3476822370;07.12.2024;2521;A;45641
1473132782;4069496402;15.11.2024;1509;B;45601
3348489190;3112126740;23.11.2024;7721;A;45601
3559692217;2306096143;17.12.2024;2675;A;45637
3460288289;2993711540;16.11.2024;12462;A;45632
3571123442;457167155;26.12.2024;1492;B;45646
4261512099;4178309188;10.11.2024;3590;B;45627
1223278263;3826874025;05.12.2024;8908;A;45644
4197437901;3062605572;11.11.2024;1109;B;45640
2352568886;1117202045;14.12.2024;811;B;45615
4044267042;997945223;05.12.2024;9864;A;45621
3498400794;3419266314;26.11.2024;8179;B;45605
1181289994;3636615199;05.12.2024;9293;A;45636
2055901696;2944179391;02.11.2024;6780;B;45628
3870335394;1823887377;16.11.2024;1450;A;45632
4279408906;1002877908;19.11.2024;1315;A;45629
96707201;3319676739;14.11.2024;4969;B;45618
546817993;1310081088;09.11.2024;628;B;45648
324171086;3590655705;18.11.2024;40397;B;45618
749851973;2882903413;14.11.2024;6968;A;45606
3237740112;1979878245;30.11.2024;5164;A;45641
3583790584;1122598516;17.12.2024;1292;A;45621
750632879;4256040402;01.11.2024;1037;A;45640
177293476;3770394574;07.12.2024;365;B;45622
3894437543;276558944;01.12.2024;5853;A;45615
1746771340;1768898981;21.11.2024;5044;B;45654
2774755101;2366521417;03.12.2024;14739;B;45645
3075787818;3062433592;27.11.2024;32883;B;45654
3357467820;237748145;17.12.2024;1063;A;45639
1092419081;3062433592;11.11.2024;17007;A;45638
316924019;148427295;04.12.2024;66329;A;45625
1671551244;3062433592;30.11.2024;3018;B;45656
980307483;3812442168;19.11.2024;1461;B;45615
1941707234;199603092;05.11.2024;7036;A;45611
1348774318;1164614297;02.11.2024;66560;A;45598
3879664526;854695158;08.11.2024;2059;B;45641
2656764852;3942804483;06.11.2024;7584;B;45621
626262509;3791892006;29.11.2024;3985;B;45634
1024573057;1028756448;20.11.2024;698;A;45620
2146400799;3857916904;15.12.2024;1558;A;45630
4215838417;399408949;21.11.2024;12253;A;45605
4213441143;2413071759;18.12.2024;2435;B;45645
2358087265;2115669947;28.12.2024;8366;A;45641
1149756812;1985475298;10.11.2024;1024;B;45608
3170885827;4038181899;12.11.2024;4325;B;45620
1567625736;470091460;11.12.2024;8466;B;45602
876779158;368679516;22.11.2024;2767;B;45623
518382936;3359706893;30.11.2024;1558;A;45641
3003595335;1810540789;20.12.2024;11681;B;45607
418108717;1985475298;28.12.2024;1241;B;45651
3198443301;3409596883;13.11.2024;2833;A;45656
70327311;179951984;06.12.2024;2297;B;45598
2023943756;1604853044;17.12.2024;28449;A;45645
3620682463;2654030115;09.12.2024;2105;B;45645
2712149372;3940815455;08.12.2024;2576;B;45642
86504917;3598591418;20.12.2024;7170;A;45615
4099032419;2749453459;08.11.2024;6203;A;45635
448493494;66685450;08.12.2024;8159;A;45603
457983912;2580397131;01.11.2024;3797;B;45605
264388722;1172166732;30.11.2024;1888;B;45612
2418682148;187589092;24.11.2024;18013;A;45605
2312704236;3221887237;02.12.2024;25243;A;45611
3545373252;2903830376;02.11.2024;4484;B;45635
4209564703;1795951456;18.11.2024;8649;B;45600
2645975327;1285103033;23.12.2024;5650;B;45629
2236120888;400358405;10.11.2024;2987;B;45653
453686528;2134820861;28.12.2024;19064;A;45611
666610489;1307669133;05.12.2024;93241;A;45621
2183069967;759473111;12.12.2024;53267;A;45624
2974379446;3160565905;13.12.2024;2018;A;45642
837624130;755881835;20.12.2024;1874;A;45599
3513553494;583902904;30.11.2024;3221;A;45598
1801818165;2941133924;19.12.2024;1295;B;45603
3815014015;2606908679;19.11.2024;53176;B;45602
3551685910;2397025226;01.12.2024;1017;B;45600
3568767894;1964799739;06.11.2024;2263;B;45613
3768600702;3320079367;28.11.2024;5400;B;45637
1003122151;3085290658;01.11.2024;5045;B;45613
3591719830;201615765;27.12.2024;2496;B;45629
1292296903;1766557988;28.11.2024;1045;B;45600
1276399043;2987864213;11.12.2024;9773;B;45639
1722995581;2761566146;12.12.2024;2318;A;45612
4176325967;3622537133;30.11.2024;4514;A;45622
3800907028;2412305169;15.12.2024;1421;A;45640
2764584088;1562205279;12.11.2024;3162;B;45635
3096761411;1948974149;18.11.2024;3576;A;45652
2213775495;1484903144;09.12.2024;4156;A;45605
1254962016;2654030115;02.12.2024;2953;A;45618
3716304192;2695379936;27.12.2024;819;A;45621
1784775498;3950806039;11.11.2024;1318;A;45656
29438557;1637811943;19.11.2024;4229;B;45639
290089453;1571986409;23.11.2024;4295;B;45624
2961555325;325179089;22.12.2024;1612;B;45645
1277417350;3963646447;25.11.2024;7159;A;45608
2357685128;818047933;01.12.2024;1220;B;45630
3053268562;3815257471;28.11.2024;9801;B;45618
2289555915;3963646447;20.12.2024;8404;B;45619
2676541142;471551937;12.12.2024;4277;B;45635
3757656646;4186807279;28.12.2024;5546;A;45638
2015722678;2223522147;12.11.2024;1951;B;45613
4281129020;906754117;02.11.2024;4735;A;45628
1876275626;1781647073;22.12.2024;1715;A;45645
2860596918;3803269165;29.12.2024;6699;B;45627
3898641900;3803269165;21.11.2024;1217;B;45644
3612788481;2712142231;12.11.2024;3269;A;45626
2927992070;1658204305;28.12.2024;1437;A;45608
1373388206;3717692402;03.12.2024;2978;B;45619
3213645392;2456230425;22.12.2024;3394;B;45627
3607552320;4169666863;12.12.2024;1014;B;45603
4052155355;2949041841;21.11.2024;917;A;45640
339489775;1064078146;19.11.2024;1790;A;45597
1476831880;1422476412;04.12.2024;6817;A;45630
1303723408;3218863961;23.11.2024;26204;B;45616
2682156369;1668030113;13.12.2024;1411;B;45608
1458356232;963407295;18.12.2024;5755;A;45621
1329499668;2949041841;07.12.2024;10800;B;45643
948555526;2710193528;05.11.2024;1445;A;45643
2116724386;2146711261;07.12.2024;15805;B;45613
2274188238;132143192;01.11.2024;1099;A;45599
1692103379;1022829655;17.12.2024;492;A;45645
4082620617;393266494;04.11.2024;31876;B;45634
38478481;1197745035;11.11.2024;9177;B;45615
3592955527;608641596;13.11.2024;16656;B;45645
2662137336;3733762160;28.11.2024;7162;B;45649
2203539145;370388673;04.12.2024;3773;A;45623
1807773912;573423106;25.12.2024;10776;A;45635
1947021204;1614305549;23.11.2024;914;A;45655
3936777065;2108080724;07.12.2024;203507;B;45602
1329499668;2949041841;07.12.2024;10800;B;45621
948555526;2710193528;05.11.2024;1445;A;45600
2116724386;2146711261;07.12.2024;15805;B;45651
2274188238;132143192;01.11.2024;1099;A;45605
1692103379;1022829655;17.12.2024;492;A;45611
4082620617;393266494;04.11.2024;31876;B;45627
38478481;1197745035;11.11.2024;9177;B;45618
3592955527;608641596;13.11.2024;16656;B;45652
2662137336;3733762160;28.11.2024;7162;B;45656
2203539145;370388673;04.12.2024;3773;A;45613
1807773912;573423106;25.12.2024;10776;A;45618
1947021204;1614305549;23.11.2024;914;A;45619
3936777065;2108080724;07.12.2024;203507;B;45605
